








-- PostgreSQL: inserts demo en orden de FK




INSERT INTO cash_sessions (
  id, organization_id, opened_by_user_id, closed_by_user_id, status,
  opened_at, closed_at, opening_total, closing_total, expected_closing_total, notes
) VALUES
(1, 1, 3, 3, 'CLOSED',
 (CURRENT_TIMESTAMP - INTERVAL '35 day'), (CURRENT_TIMESTAMP - INTERVAL '34 day'),
 50000.00, 185000.00, 182000.00, 'Caja mes anterior'),
(2, 1, 4, 4, 'CLOSED',
 (CURRENT_TIMESTAMP - INTERVAL '20 day'), (CURRENT_TIMESTAMP - INTERVAL '19 day'),
 50000.00, 210000.00, 208500.00, 'Caja quincena'),
(3, 1, 3, 3, 'CLOSED',
 (CURRENT_TIMESTAMP - INTERVAL '7 day'), (CURRENT_TIMESTAMP - INTERVAL '6 day'),
 50000.00, 156000.00, 155200.00, 'Caja semana pasada'),
(4, 1, 3, NULL, 'OPEN',
 (CURRENT_TIMESTAMP - INTERVAL '6 hour'), NULL,
 50000.00, NULL, NULL, 'Caja abierta hoy');


INSERT INTO store_sales (
  id, organization_id, cash_session_id, member_id, created_by_user_id,
  type, payment_method, payment_proof_data, total, notes, created_at,
  voided_at, voided_by_user_id, void_reason
) VALUES

(1, 1, 1, 5, 3, 'SALE', NULL, NULL, 28000.00, NULL,
 ((CAST(CURRENT_DATE AS TIMESTAMP) - INTERVAL '40 day') + INTERVAL '10 hour'), NULL, NULL, NULL),
(2, 1, 1, 6, 3, 'SALE', NULL, NULL, 749.00, 'Membresía Regular',
 ((CAST(CURRENT_DATE AS TIMESTAMP) - INTERVAL '38 day') + INTERVAL '11 hour'), NULL, NULL, NULL),
(3, 1, 1, NULL, 3, 'SALE', NULL, NULL, 4400.00, NULL,
 ((CAST(CURRENT_DATE AS TIMESTAMP) - INTERVAL '36 day') + INTERVAL '16 hour'), NULL, NULL, NULL),
(4, 1, 1, 7, 4, 'SALE', NULL, NULL, 18000.00, NULL,
 ((CAST(CURRENT_DATE AS TIMESTAMP) - INTERVAL '34 day') + INTERVAL '9 hour'), NULL, NULL, NULL),
(5, 1, 1, NULL, 3, 'MANUAL_INCOME', NULL, NULL, 25000.00, 'Alquiler de espacio evento',
 ((CAST(CURRENT_DATE AS TIMESTAMP) - INTERVAL '33 day') + INTERVAL '14 hour'), NULL, NULL, NULL),
(6, 1, 1, NULL, 3, 'MANUAL_EXPENSE', NULL, NULL, 8000.00, 'Compra insumos limpieza',
 ((CAST(CURRENT_DATE AS TIMESTAMP) - INTERVAL '32 day') + INTERVAL '17 hour'), NULL, NULL, NULL),
(7, 1, 2, 8, 4, 'SALE', NULL, NULL, 899.00, 'Membresía Premium',
 ((CAST(CURRENT_DATE AS TIMESTAMP) - INTERVAL '28 day') + INTERVAL '10 hour'), NULL, NULL, NULL),
(8, 1, 2, 5, 3, 'SALE', NULL, NULL, 4500.00, NULL,
 ((CAST(CURRENT_DATE AS TIMESTAMP) - INTERVAL '26 day') + INTERVAL '12 hour'), NULL, NULL, NULL),
(9, 1, 2, 10, 3, 'SALE', NULL, NULL, 32000.00, NULL,
 ((CAST(CURRENT_DATE AS TIMESTAMP) - INTERVAL '24 day') + INTERVAL '18 hour'), NULL, NULL, NULL),
(10, 1, 2, NULL, 4, 'SALE', NULL, NULL, 3600.00, NULL,
 ((CAST(CURRENT_DATE AS TIMESTAMP) - INTERVAL '22 day') + INTERVAL '8 hour'), NULL, NULL, NULL),
(11, 1, 2, 11, 3, 'SALE', NULL, NULL, 12000.00, NULL,
 ((CAST(CURRENT_DATE AS TIMESTAMP) - INTERVAL '21 day') + INTERVAL '15 hour'), NULL, NULL, NULL),
(12, 1, 2, NULL, 3, 'MANUAL_EXPENSE', NULL, NULL, 15000.00, 'Reparación equipo cardio',
 ((CAST(CURRENT_DATE AS TIMESTAMP) - INTERVAL '20 day') + INTERVAL '11 hour'), NULL, NULL, NULL),
(13, 1, 2, 6, 4, 'SALE', NULL, NULL, 599.00, 'Membresía Básica',
 ((CAST(CURRENT_DATE AS TIMESTAMP) - INTERVAL '18 day') + INTERVAL '9 hour'), NULL, NULL, NULL),
(14, 1, 2, 7, 3, 'SALE', NULL, NULL, 6600.00, NULL,
 ((CAST(CURRENT_DATE AS TIMESTAMP) - INTERVAL '16 day') + INTERVAL '19 hour'), NULL, NULL, NULL),
(15, 1, 2, NULL, 3, 'MANUAL_INCOME', NULL, NULL, 12000.00, 'Patrocinio local',
 ((CAST(CURRENT_DATE AS TIMESTAMP) - INTERVAL '15 day') + INTERVAL '13 hour'), NULL, NULL, NULL),

(16, 1, 3, 5, 3, 'SALE', NULL, NULL, 28000.00, NULL,
 ((CAST(CURRENT_DATE AS TIMESTAMP) - INTERVAL '12 day') + INTERVAL '9 hour'), NULL, NULL, NULL),
(17, 1, 3, 6, 3, 'SALE', NULL, NULL, 3700.00, NULL,
 ((CAST(CURRENT_DATE AS TIMESTAMP) - INTERVAL '11 day') + INTERVAL '10 hour'), NULL, NULL, NULL),
(18, 1, 3, 7, 4, 'SALE', NULL, NULL, 899.00, 'Membresía Premium',
 ((CAST(CURRENT_DATE AS TIMESTAMP) - INTERVAL '10 day') + INTERVAL '11 hour'), NULL, NULL, NULL),
(19, 1, 3, NULL, 3, 'SALE', NULL, NULL, 5400.00, NULL,
 ((CAST(CURRENT_DATE AS TIMESTAMP) - INTERVAL '9 day') + INTERVAL '16 hour'), NULL, NULL, NULL),
(20, 1, 3, 8, 3, 'SALE', NULL, NULL, 18000.00, NULL,
 ((CAST(CURRENT_DATE AS TIMESTAMP) - INTERVAL '8 day') + INTERVAL '12 hour'), NULL, NULL, NULL),
(21, 1, 3, 10, 4, 'SALE', NULL, NULL, 1200.00, NULL,
 ((CAST(CURRENT_DATE AS TIMESTAMP) - INTERVAL '7 day') + INTERVAL '8 hour'), NULL, NULL, NULL),
(22, 1, 3, NULL, 3, 'MANUAL_EXPENSE', NULL, NULL, 9500.00, 'Pago proveedor bebidas',
 ((CAST(CURRENT_DATE AS TIMESTAMP) - INTERVAL '7 day') + INTERVAL '14 hour'), NULL, NULL, NULL),
(23, 1, 3, 5, 3, 'SALE', NULL, NULL, 20000.00, NULL,
 ((CAST(CURRENT_DATE AS TIMESTAMP) - INTERVAL '6 day') + INTERVAL '17 hour'), NULL, NULL, NULL),
(24, 1, 3, 11, 4, 'SALE', NULL, NULL, 749.00, 'Membresía Regular',
 ((CAST(CURRENT_DATE AS TIMESTAMP) - INTERVAL '5 day') + INTERVAL '9 hour'), NULL, NULL, NULL),
(25, 1, 4, 6, 3, 'SALE', NULL, NULL, 4500.00, NULL,
 ((CAST(CURRENT_DATE AS TIMESTAMP) - INTERVAL '4 day') + INTERVAL '10 hour'), NULL, NULL, NULL),
(26, 1, 4, 7, 3, 'SALE', NULL, NULL, 6600.00, NULL,
 ((CAST(CURRENT_DATE AS TIMESTAMP) - INTERVAL '3 day') + INTERVAL '11 hour'), NULL, NULL, NULL),
(27, 1, 4, NULL, 4, 'SALE', NULL, NULL, 32500.00, NULL,
 ((CAST(CURRENT_DATE AS TIMESTAMP) - INTERVAL '3 day') + INTERVAL '15 hour'), NULL, NULL, NULL),
(28, 1, 4, 8, 3, 'SALE', NULL, NULL, 599.00, 'Membresía Básica',
 ((CAST(CURRENT_DATE AS TIMESTAMP) - INTERVAL '2 day') + INTERVAL '9 hour'), NULL, NULL, NULL),
(29, 1, 4, 5, 3, 'SALE', NULL, NULL, 10100.00, NULL,
 ((CAST(CURRENT_DATE AS TIMESTAMP) - INTERVAL '2 day') + INTERVAL '18 hour'), NULL, NULL, NULL),
(30, 1, 4, NULL, 3, 'MANUAL_INCOME', NULL, NULL, 18000.00, 'Clase particular grupal',
 ((CAST(CURRENT_DATE AS TIMESTAMP) - INTERVAL '1 day') + INTERVAL '13 hour'), NULL, NULL, NULL),
(31, 1, 4, 10, 4, 'SALE', NULL, NULL, 1500.00, NULL,
 ((CAST(CURRENT_DATE AS TIMESTAMP) - INTERVAL '1 day') + INTERVAL '19 hour'), NULL, NULL, NULL),
(32, 1, 4, 6, 3, 'SALE', NULL, NULL, 28000.00, NULL,
 (CURRENT_TIMESTAMP - INTERVAL '5 hour'), NULL, NULL, NULL),
(33, 1, 4, 7, 3, 'SALE', NULL, NULL, 4400.00, NULL,
 (CURRENT_TIMESTAMP - INTERVAL '4 hour'), NULL, NULL, NULL),
(34, 1, 4, 5, 4, 'SALE', NULL, NULL, 899.00, 'Membresía Premium',
 (CURRENT_TIMESTAMP - INTERVAL '3 hour'), NULL, NULL, NULL),
(35, 1, 4, NULL, 3, 'SALE', NULL, NULL, 6500.00, NULL,
 (CURRENT_TIMESTAMP - INTERVAL '2 hour'), NULL, NULL, NULL),
(36, 1, 4, 8, 3, 'SALE', NULL, NULL, 3700.00, NULL,
 (CURRENT_TIMESTAMP - INTERVAL '1 hour'), NULL, NULL, NULL),
(37, 1, 4, NULL, 3, 'MANUAL_EXPENSE', NULL, NULL, 4200.00, 'Material oficina',
 (CURRENT_TIMESTAMP - INTERVAL '45 minute'), NULL, NULL, NULL),
(38, 1, 4, 11, 4, 'SALE', NULL, NULL, 12000.00, NULL,
 (CURRENT_TIMESTAMP - INTERVAL '30 minute'), NULL, NULL, NULL),
(39, 1, 4, 5, 3, 'SALE', NULL, NULL, 1500.00, 'Venta anulada demo',
 ((CAST(CURRENT_DATE AS TIMESTAMP) - INTERVAL '2 day') + INTERVAL '20 hour'),
 (((CAST(CURRENT_DATE AS TIMESTAMP) - INTERVAL '2 day') + INTERVAL '30 minute') + INTERVAL '20 hour'),
 3, 'Error de cobro'),
(40, 1, 1, 9, 4, 'SALE', NULL, NULL, 24500.00, NULL,
 ((CAST(CURRENT_DATE AS TIMESTAMP) - INTERVAL '3 month') + INTERVAL '12 hour'), NULL, NULL, NULL);

INSERT INTO store_sale_items (
  id, store_sale_id, kind, product_id, membership_package_id, description,
  quantity, stock_units_deducted, member_subscription_id, unit_price, line_total
) VALUES
(1, 1, 'PACKAGE', 1, NULL, 'Optimum Nutrition Gold Standard Whey 2lb', 1, 30, NULL, 28000.00, 28000.00),
(2, 2, 'MEMBERSHIP', NULL, 2, 'Membresía Regular', 1, 0, NULL, 749.00, 749.00),
(3, 3, 'UNIT', 5, NULL, 'Monster Energy Original 473ml', 2, 2, NULL, 2200.00, 4400.00),
(4, 4, 'PACKAGE', 7, NULL, 'Quest Bar Cookies & Cream', 1, 12, NULL, 18000.00, 18000.00),
(5, 5, 'MANUAL', NULL, NULL, 'Alquiler de espacio evento', 1, 0, NULL, 25000.00, 25000.00),
(6, 6, 'MANUAL', NULL, NULL, 'Compra insumos limpieza', 1, 0, NULL, 8000.00, 8000.00),
(7, 7, 'MEMBERSHIP', NULL, 3, 'Membresía Premium', 1, 0, NULL, 899.00, 899.00),
(8, 8, 'UNIT', 8, NULL, 'Shaker Pro 700ml', 1, 1, NULL, 4500.00, 4500.00),
(9, 9, 'PACKAGE', 2, NULL, 'MuscleTech Nitro-Tech 2lb', 1, 28, NULL, 26000.00, 26000.00),
(10, 9, 'UNIT', 3, NULL, 'Trident Spearmint', 4, 4, NULL, 1500.00, 6000.00),
(11, 10, 'UNIT', 4, NULL, 'Powerade Mora Azul 600ml', 2, 2, NULL, 1500.00, 3000.00),
(12, 10, 'UNIT', 3, NULL, 'Trident Spearmint', 4, 4, NULL, 150.00, 600.00),
(13, 11, 'PACKAGE', 6, NULL, 'Creatina Monohidrato Creapure 300g', 1, 60, NULL, 12000.00, 12000.00),
(14, 12, 'MANUAL', NULL, NULL, 'Reparación equipo cardio', 1, 0, NULL, 15000.00, 15000.00),
(15, 13, 'MEMBERSHIP', NULL, 1, 'Membresía Básica', 1, 0, NULL, 599.00, 599.00),
(16, 14, 'UNIT', 5, NULL, 'Monster Energy Original 473ml', 3, 3, NULL, 2200.00, 6600.00),
(17, 15, 'MANUAL', NULL, NULL, 'Patrocinio local', 1, 0, NULL, 12000.00, 12000.00),
(18, 16, 'PACKAGE', 1, NULL, 'Optimum Nutrition Gold Standard Whey 2lb', 1, 30, NULL, 28000.00, 28000.00),
(19, 17, 'UNIT', 4, NULL, 'Powerade Mora Azul 600ml', 1, 1, NULL, 1500.00, 1500.00),
(20, 17, 'UNIT', 5, NULL, 'Monster Energy Original 473ml', 1, 1, NULL, 2200.00, 2200.00),
(21, 18, 'MEMBERSHIP', NULL, 3, 'Membresía Premium', 1, 0, NULL, 899.00, 899.00),
(22, 19, 'UNIT', 8, NULL, 'Shaker Pro 700ml', 1, 1, NULL, 4500.00, 4500.00),
(23, 19, 'UNIT', 3, NULL, 'Trident Spearmint', 6, 6, NULL, 150.00, 900.00),
(24, 20, 'PACKAGE', 7, NULL, 'Quest Bar Cookies & Cream', 1, 12, NULL, 18000.00, 18000.00),
(25, 21, 'UNIT', 3, NULL, 'Trident Spearmint', 8, 8, NULL, 150.00, 1200.00),
(26, 22, 'MANUAL', NULL, NULL, 'Pago proveedor bebidas', 1, 0, NULL, 9500.00, 9500.00),
(27, 23, 'PACKAGE', 9, NULL, 'C4 Original Pre-Workout', 1, 30, NULL, 20000.00, 20000.00),
(28, 24, 'MEMBERSHIP', NULL, 2, 'Membresía Regular', 1, 0, NULL, 749.00, 749.00),
(29, 25, 'UNIT', 8, NULL, 'Shaker Pro 700ml', 1, 1, NULL, 4500.00, 4500.00),
(30, 26, 'UNIT', 5, NULL, 'Monster Energy Original 473ml', 3, 3, NULL, 2200.00, 6600.00),
(31, 27, 'PACKAGE', 2, NULL, 'MuscleTech Nitro-Tech 2lb', 1, 28, NULL, 26000.00, 26000.00),
(32, 27, 'UNIT', 10, NULL, 'Guantes de entrenamiento M', 1, 1, NULL, 6500.00, 6500.00),
(33, 28, 'MEMBERSHIP', NULL, 1, 'Membresía Básica', 1, 0, NULL, 599.00, 599.00),
(34, 29, 'UNIT', 4, NULL, 'Powerade Mora Azul 600ml', 2, 2, NULL, 1500.00, 3000.00),
(35, 29, 'UNIT', 10, NULL, 'Guantes de entrenamiento M', 1, 1, NULL, 6500.00, 6500.00),
(36, 29, 'UNIT', 3, NULL, 'Trident Spearmint', 4, 4, NULL, 150.00, 600.00),
(37, 30, 'MANUAL', NULL, NULL, 'Clase particular grupal', 1, 0, NULL, 18000.00, 18000.00),
(38, 31, 'UNIT', 4, NULL, 'Powerade Mora Azul 600ml', 1, 1, NULL, 1500.00, 1500.00),
(39, 32, 'PACKAGE', 1, NULL, 'Optimum Nutrition Gold Standard Whey 2lb', 1, 30, NULL, 28000.00, 28000.00),
(40, 33, 'UNIT', 5, NULL, 'Monster Energy Original 473ml', 2, 2, NULL, 2200.00, 4400.00),
(41, 34, 'MEMBERSHIP', NULL, 3, 'Membresía Premium', 1, 0, NULL, 899.00, 899.00),
(42, 35, 'UNIT', 10, NULL, 'Guantes de entrenamiento M', 1, 1, NULL, 6500.00, 6500.00),
(43, 36, 'UNIT', 4, NULL, 'Powerade Mora Azul 600ml', 1, 1, NULL, 1500.00, 1500.00),
(44, 36, 'UNIT', 5, NULL, 'Monster Energy Original 473ml', 1, 1, NULL, 2200.00, 2200.00),
(45, 37, 'MANUAL', NULL, NULL, 'Material oficina', 1, 0, NULL, 4200.00, 4200.00),
(46, 38, 'PACKAGE', 6, NULL, 'Creatina Monohidrato Creapure 300g', 1, 60, NULL, 12000.00, 12000.00),
(47, 39, 'UNIT', 4, NULL, 'Powerade Mora Azul 600ml', 1, 1, NULL, 1500.00, 1500.00),
(48, 40, 'PACKAGE', 9, NULL, 'C4 Original Pre-Workout', 1, 30, NULL, 20000.00, 20000.00),
(49, 40, 'UNIT', 8, NULL, 'Shaker Pro 700ml', 1, 1, NULL, 4500.00, 4500.00);

INSERT INTO store_sale_payments (id, store_sale_id, payment_method, amount, payment_proof_data) VALUES
(1, 1, 'CARD', 28000.00, NULL),
(2, 2, 'CASH', 749.00, NULL),
(3, 3, 'CASH', 4400.00, NULL),
(4, 4, 'SINPE', 18000.00, NULL),
(5, 5, 'CASH', 25000.00, NULL),
(6, 6, 'CASH', 8000.00, NULL),
(7, 7, 'CARD', 899.00, NULL),
(8, 8, 'CASH', 4500.00, NULL),
(9, 9, 'CARD', 20000.00, NULL),
(10, 9, 'CASH', 12000.00, NULL),
(11, 10, 'CASH', 3600.00, NULL),
(12, 11, 'SINPE', 12000.00, NULL),
(13, 12, 'CASH', 15000.00, NULL),
(14, 13, 'CASH', 599.00, NULL),
(15, 14, 'CARD', 6600.00, NULL),
(16, 15, 'CASH', 12000.00, NULL),
(17, 16, 'CARD', 28000.00, NULL),
(18, 17, 'CASH', 3700.00, NULL),
(19, 18, 'SINPE', 899.00, NULL),
(20, 19, 'CASH', 5400.00, NULL),
(21, 20, 'CARD', 18000.00, NULL),
(22, 21, 'CASH', 1200.00, NULL),
(23, 22, 'CASH', 9500.00, NULL),
(24, 23, 'SINPE', 20000.00, NULL),
(25, 24, 'CARD', 749.00, NULL),
(26, 25, 'CASH', 4500.00, NULL),
(27, 26, 'CASH', 6600.00, NULL),
(28, 27, 'CARD', 32500.00, NULL),
(29, 28, 'CASH', 599.00, NULL),
(30, 29, 'CASH', 5000.00, NULL),
(31, 29, 'CARD', 5100.00, NULL),
(32, 30, 'CASH', 18000.00, NULL),
(33, 31, 'CASH', 1500.00, NULL),
(34, 32, 'CARD', 28000.00, NULL),
(35, 33, 'CASH', 4400.00, NULL),
(36, 34, 'SINPE', 899.00, NULL),
(37, 35, 'CASH', 6500.00, NULL),
(38, 36, 'CARD', 3700.00, NULL),
(39, 37, 'CASH', 4200.00, NULL),
(40, 38, 'CASH', 12000.00, NULL),
(41, 39, 'CASH', 1500.00, NULL),
(42, 40, 'CARD', 24500.00, NULL);

-- fin seeds demo

SELECT setval(pg_get_serial_sequence('cash_sessions', 'id'), 100, false);
SELECT setval(pg_get_serial_sequence('store_sales', 'id'), 100, false);
SELECT setval(pg_get_serial_sequence('store_sale_items', 'id'), 100, false);
SELECT setval(pg_get_serial_sequence('store_sale_payments', 'id'), 100, false);

